MAin,Sub
Aktivite - Eğlence,Aktivite - Eğlence
Aktivite - Eğlence,Binicilik - Parkur
Aktivite - Eğlence,Diğer Sporlar
Aktivite - Eğlence,Eğlence Merkezi
Aktivite - Eğlence,Extreme & Adventure
Aktivite - Eğlence,Funland
Aktivite - Eğlence,Go Kart
Aktivite - Eğlence,Havuz - Plaj
Aktivite - Eğlence,Karaoke
Aktivite - Eğlence,Paintball
Aktivite - Eğlence,Poligon - Paintball
Aktivite - Eğlence,Rafting - Yamaç Paraşütü
Aktivite - Eğlence,Sanal Gerçeklik - Kaçış
Aktivite - Eğlence,Su Sporları
Bayram Turları,Bayram Turları
Bayram Turları,Kurban Bayramı Turları
Bayram Turları,Ramazan Bayramı Turları
Bilet - Etkinlik,Akvaryum - Tema Park
Bilet - Etkinlik,Bale-Dans
Bilet - Etkinlik,Bilet - Etkinlik
Bilet - Etkinlik,Çocuk Tiyatro
Bilet - Etkinlik,Gösteri - Müzikal
Bilet - Etkinlik,Konser
Bilet - Etkinlik,Parti - Festival
Bilet - Etkinlik,Sergi
Bilet - Etkinlik,Sergi - Müze
Bilet - Etkinlik,Sinema
Bilet - Etkinlik,Sirk
Bilet - Etkinlik,Spor Karşılaşmaları
Bilet - Etkinlik,Tek kişilik Gösteri
Bilet - Etkinlik,Tiyatro
Emlak,Daire
Emlak,Diğer
Emlak,Dükkan
Emlak,Emlak
Emlak,Ofis
Emlak,Rezidans
Emlak,Villa
Güzellik,Ağda
Güzellik,Biorezonans
Güzellik,Botoks - Dolgu
Güzellik,Cilt Bakımı
Güzellik,El / Ayak Bakımı
Güzellik,Epilasyon - Ağda
Güzellik,Güzellik
Güzellik,Güzellik Paketi
Güzellik,İncelme Programları
Güzellik,Kalıcı Makyaj
Güzellik,Kaş - Kirpik
Güzellik,Makyaj
Güzellik,Manikür - Pedikür
Güzellik,Saç - Makyaj
Güzellik,Solaryum
Güzellik,Zayıflama
Hizmet,Akaryakıt
Hizmet,Araç Kiralama - Vize
Hizmet,AVM
Hizmet,Diğer Hizmetler
Hizmet,Ev Hizmetleri
Hizmet,Evcil Hayvan Hizmetleri
Hizmet,Fotoğrafçılık - Baskı
Hizmet,Hizmet
Hizmet,İndirim Çekleri
Hizmet,Kuru Temizleme
Hizmet,Luxury
Hizmet,Oto Bakım
Hizmet,Oto Satışı
Hizmet,Oto Temizlik
Hizmet,Sigorta
Hizmet,Transfer - Nakliye
İftar,İftar
İftar,İftar - Otel
İftar,İftar - Restaurant
İftar,İftar - Tekne
İftar,İftar Menü
Kahvaltı,Açık Büfe Kahvaltı
Kahvaltı,Açık Havada Kahvaltı
Kahvaltı,Boğazda Kahvaltı
Kahvaltı,Brunch
Kahvaltı,Cafede Kahvaltı
Kahvaltı,Deniz Kenarında Kahvaltı
Kahvaltı,Doğada Kahvaltı
Kahvaltı,Hafta İçi Kahvaltı
Kahvaltı,Hafta Sonu Kahvaltı
Kahvaltı,Kahvaltı
Kahvaltı,Kahvaltı Tabağı
Kahvaltı,Köy Kahvaltısı
Kahvaltı,Otelde Kahvaltı
Kahvaltı,Serpme Kahvaltı
Kahvaltı,Teknede Kahvaltı
Masaj - Spa,Anti Stress Masajı
Masaj - Spa,Aromaterapi Masajı
Masaj - Spa,Bali Masajı
Masaj - Spa,Baş-Boyun ve Omuz Masajı
Masaj - Spa,Bebek Spa
Masaj - Spa,Çift Masajı
Masaj - Spa,Hamam
Masaj - Spa,İsveç Masajı
Masaj - Spa,Klasik Masaj
Masaj - Spa,Köpük Masajı
Masaj - Spa,Lenf Drenaj Masajı
Masaj - Spa,Masaj
Masaj - Spa,Masaj - Spa
Masaj - Spa,Otel Spa
Masaj - Spa,Refleksoloji Masajı
Masaj - Spa,Shiatsu Masajı
Masaj - Spa,Sıcak Taş Masajı
Masaj - Spa,Sporcu Masajı
Masaj - Spa,Thai Masajı
Masaj - Spa,Yüz Masajı
Not Applicable,Core
Not Applicable,Travel
Özel Günler,Anneler Günü
Özel Günler,Bayram
Özel Günler,Harika Cuma
Özel Günler,Kadınlar Günü
Özel Günler,Özel Günler
Sevgililer Günü,Sevgililer Günü
Sevgililer Günü,Sevgililer Günü Etkinlik
Sevgililer Günü,Sevgililer Günü Hediye
Sevgililer Günü,Sevgililer Günü Konaklama
Sevgililer Günü,Sevgililer Günü Spa
Sevgililer Günü,Sevgililer Günü Yemek
Spor - Eğitim - Kurs,Anaokulu - Çocuk
Spor - Eğitim - Kurs,Atölye
Spor - Eğitim - Kurs,Dans - Müzik
Spor - Eğitim - Kurs,Dil Eğitimi
Spor - Eğitim - Kurs,Fitness - Gym
Spor - Eğitim - Kurs,Kurslar - Fotoğrafçılık
Spor - Eğitim - Kurs,Kurslar - Müzik
Spor - Eğitim - Kurs,Kurslar - Spor
Spor - Eğitim - Kurs,Kurslar - Yemek
Spor - Eğitim - Kurs,Mesleki Eğitim
Spor - Eğitim - Kurs,Online Kurslar
Spor - Eğitim - Kurs,Pilates
Spor - Eğitim - Kurs,Spor - Eğitim - Kurs
Spor - Eğitim - Kurs,Yoga - Nefes Terapisi
Spor - Eğitim - Kurs,Yüzme Kursu
Şehir Rehberi,Güzellik - Bakım
Şehir Rehberi,Masaj
Şehir Rehberi,Mekan
Şehir Rehberi,Otel
Şehir Rehberi,Şehir Rehberi
Tatil Otelleri,Akdeniz Bölgesi
Tatil Otelleri,Ege Bölgesi
Tatil Otelleri,İç Anadolu Bölgesi
Tatil Otelleri,Karadeniz Bölgesi
Tatil Otelleri,Marmara Bölgesi
Tatil Otelleri,Tatil Otelleri
Tatil Teması,Her Şey Dahil
Tatil Teması,Tatil Teması
Turistik Aktiviteler,Havuz Girişi
Turistik Aktiviteler,Kış Sporları
Turistik Aktiviteler,Plaj Girişi
Turistik Aktiviteler,Turistik Aktiviteler
Turistik Aktiviteler,Ulaşım - Diğer
Turistik Aktiviteler,Ulaşım - Uçak
Turistik Aktiviteler,Yaz Sporları
Yemek,Akşam Yemeği
Yemek,Balık Menüsü
Yemek,Balık Menüsü - İçkisiz
Yemek,Butik Burger
Yemek,Dünya Mutfağı
Yemek,Dünya Mutfağı - Fransız
Yemek,Dünya Mutfağı - İspanyol&Meksika
Yemek,Dünya Mutfağı - İtalyan
Yemek,Dünya Mutfağı - Suşi
Yemek,Dünya Mutfağı - Uzakdoğu(Suşi Hariç)
Yemek,Fast Food
Yemek,Fast Food - Burger
Yemek,Fast Food - Büfe
Yemek,Fast Food - Pizza
Yemek,Fast Food - Sandwiç
Yemek,Fast Food - Sosis
Yemek,Fast Food - Tavuk
Yemek,Fırın
Yemek,Gece Mekanları - Diğer
Yemek,Gece Mekanları - Pub ve Bar
Yemek,Gıda-Diğer
Yemek,Gurme Dükkanları ve Şarküteriler
Yemek,Kahve - Fırın - Tatlı
Yemek,Kahve Dükkanları
Yemek,Mangal - Steakhouse
Yemek,Meyhane
Yemek,Meyhane - Fasıl
Yemek,SteakHouse
Yemek,Tatlı - Baklava
Yemek,Tatlı - Çikolata
Yemek,Tatlı - Pasta
Yemek,Tekne
Yemek,Türk Mutfağı
Yemek,Türk Mutfağı - Ev Yemekleri
Yemek,Türk Mutfağı - Kebap
Yemek,Türk Mutfağı - Köfte
Yemek,Türk Mutfağı - Mantı Börek
Yemek,Türk Mutfağı - Pide
Yemek,Vejeteryan Mutfağı
Yemek,Yemek
Yılbaşı,Yılbaşı
Yılbaşı,Yılbaşı Eğlencesi
Yılbaşı,Yılbaşı Tatili
Yılbaşı,Yılbaşı Turları
Yurtdışı Turlar,Afrika
Yurtdışı Turlar,Amerika
Yurtdışı Turlar,Asya
Yurtdışı Turlar,Avrupa
Yurtdışı Turlar,Balkanlar ve Yunanistan
Yurtdışı Turlar,Kıbrıs Otel
Yurtdışı Turlar,Uzakdoğu
Yurtdışı Turlar,Vizesiz Avrupa
Yurtdışı Turlar,Vizesiz Balkanlar
Yurtdışı Turlar,Yurtdışı Otel
Yurtdışı Turlar,Yurtdışı Turlar
Yurtiçi Otel,Ankara Otelleri
Yurtiçi Otel,Antalya Otelleri
Yurtiçi Otel,Bursa Otelleri
Yurtiçi Otel,Diğer Kentler
Yurtiçi Otel,İstanbul Otelleri
Yurtiçi Otel,İzmir Otelleri
Yurtiçi Otel,Yurtiçi Otel
Yurtiçi Otel,Yurtiçi Termal Otel
Yurtiçi Turlar,Günübirlik Turlar
Yurtiçi Turlar,Haftasonu Turlar
Yurtiçi Turlar,Kapadokya Turları
Yurtiçi Turlar,Karadeniz Turları
Yurtiçi Turlar,Kayak Turları
Yurtiçi Turlar,Kültür Turları
Yurtiçi Turlar,Mavi Yolculuk
Yurtiçi Turlar,Yurtiçi Paket Tur
Yurtiçi Turlar,Yurtiçi Turlar